axis,slope,intercept
axis1,-1.1767285669287697e-07,0.730542085743738
axis2,2.194203417428601e-06,3.52388581901242
axis3,-5.777185960381689e-07,2.7338978834565046
axis4,3.8900344647278754e-07,0.6043568012838468
axis5,8.381177886041506e-08,0.951102757917077
axis6,4.744455471905793e-07,0.580077361896368
axis7,5.537186154202199e-07,0.8475626287465717
axis8,8.499988745963791e-08,0.09874786274985085
